Линия;Записей;Входы;Среднее_входов;Медиана_входов
Таганско-Краснопресненская линия;23;70744121;3075831.347826087;3118508.0
Замоскворецкая линия;24;64624653;2692693.875;2687896.5
Калужско-Рижская линия;24;63548563;2647856.7916666665;2333877.5
Серпуховско-Тимирязевская линия;25;57330840;2293233.6;2165247.0
Арбатско-Покровская линия;22;57024754;2592034.272727273;2530213.5
Сокольническая линия;27;55899533;2070353.0740740742;1951057.0
Большая кольцевая линия;30;47673310;1589110.3333333333;1439820.5
Люблинско-Дмитровская линия;26;42213264;1623587.076923077;1397508.5
Кольцевая линия;12;42023927;3501993.9166666665;3026787.5
Московское центральное кольцо;31;30060906;969706.6451612903;866808.0
Калининская линия;8;24074579;3009322.375;2606441.5
Солнцевская линия;14;17056802;1218343.0;1321089.0
Некрасовская линия;8;15436966;1929620.75;1164342.0
Филёвская линия;13;11084838;852679.8461538461;750040.0
Троицкая линия;11;7620399;692763.5454545454;661067.0
Бутовская линия;7;5973974;853424.8571428572;800291.0
