Станция метрополитена;Линия;Входы пассажиров;Выходы пассажиров
Комсомольская;Кольцевая линия;8390173;7220237
ВДНХ;Калужско-Рижская линия;6685383;6538808
Щёлковская;Арбатско-Покровская линия;6265472;6076731
Домодедовская;Замоскворецкая линия;5646268;5430705
Котельники;Таганско-Краснопресненская линия;5503224;5167788
Китай-город;Калужско-Рижская линия;5431503;5561206
Выхино;Таганско-Краснопресненская линия;5388998;5325589
Новогиреево;Калининская линия;5360603;5303693
Некрасовка;Некрасовская линия;5247059;5217610
Царицыно;Замоскворецкая линия;5205420;5131730
